{
  "project_info": {
    "project_number": "455670629502",
    "firebase_url": "https://balukibazaar-43d8e.firebaseio.com",
    "project_id": "balukibazaar-43d8e",
    "storage_bucket": "balukibazaar-43d8e.appspot.com"
  },
  "client": [
    {
      "client_info": {
        "mobilesdk_app_id": "1:455670629502:android:09e7b33d6310fa352c042f",
        "android_client_info": {
          "package_name": "com.cw.balukibazaar"
        }
      },
      "oauth_client": [
        {
          "client_id": "455670629502-61sn3dijpg8bupbvq8ubjtae57iq9s4l.apps.googleusercontent.com",
          "client_type": 1,
          "android_info": {
            "package_name": "com.cw.balukibazaar",
            "certificate_hash": "1ac55450ec44e0aec2597d5fa8829812de4e42d2"
          }
        },
        {
          "client_id": "455670629502-hplkteupbl6kqpb0dn5g7mbotokg70ss.apps.googleusercontent.com",
          "client_type": 3
        }
      ],
      "api_key": [
        {
          "current_key": "AIzaSyBBAxPnjyUf3S7iC5hL6sPqpQ7Ea8yQjDI"
        }
      ],
      "services": {
        "appinvite_service": {
          "other_platform_oauth_client": [
            {
              "client_id": "455670629502-hplkteupbl6kqpb0dn5g7mbotokg70ss.apps.googleusercontent.com",
              "client_type": 3
            }
          ]
        }
      }
    },
    {
      "client_info": {
        "mobilesdk_app_id": "1:455670629502:android:638b3b5e9e2e494e2c042f",
        "android_client_info": {
          "package_name": "com.cwt.balukibazaar"
        }
      },
      "oauth_client": [
        {
          "client_id": "455670629502-rcku6ct2fpmh3b2megakd0nn0raqei94.apps.googleusercontent.com",
          "client_type": 1,
          "android_info": {
            "package_name": "com.cwt.balukibazaar",
            "certificate_hash": "1ac55450ec44e0aec2597d5fa8829812de4e42d2"
          }
        },
        {
          "client_id": "455670629502-hplkteupbl6kqpb0dn5g7mbotokg70ss.apps.googleusercontent.com",
          "client_type": 3
        }
      ],
      "api_key": [
        {
          "current_key": "AIzaSyBBAxPnjyUf3S7iC5hL6sPqpQ7Ea8yQjDI"
        }
      ],
      "services": {
        "appinvite_service": {
          "other_platform_oauth_client": [
            {
              "client_id": "455670629502-hplkteupbl6kqpb0dn5g7mbotokg70ss.apps.googleusercontent.com",
              "client_type": 3
            }
          ]
        }
      }
    }
  ],
  "configuration_version": "1"
}